seqnames	start	end	width	strand	tx_id	tx_biotype	tx_cds_seq_start	tx_cds_seq_end	gene_id	tx_support_level	tx_id_version	gc_content	tx_external_name	tx_is_canonical	tx_name
17	40388525	40417896	29372	-	ENST00000423485	protein_coding	40389519	40417791	ENSG00000131747	1	ENST00000423485.6	38.9288849868306	TOP2A-201	1	ENST00000423485
17	40388526	40389602	1077	-	ENST00000577541	protein_coding	40389519	40389602	ENSG00000131747	2	ENST00000577541.1	35.7142857142857	TOP2A-202	0	ENST00000577541
17	40389562	40392101	2540	-	ENST00000578412	retained_intron	NA	NA	ENSG00000131747	2	ENST00000578412.1	38.6621315192744	TOP2A-204	0	ENST00000578412
17	40396383	40399261	2879	-	ENST00000577706	retained_intron	NA	NA	ENSG00000131747	2	ENST00000577706.1	36.8231046931408	TOP2A-203	0	ENST00000577706
17	40413480	40417705	4226	-	ENST00000581055	protein_coding	40413480	40416880	ENSG00000131747	4	ENST00000581055.1	41.4507772020725	TOP2A-205	0	ENST00000581055
